date,high,low,open,close,volume
2016-10-20,19.245283384782617,16.17566017100528,16.17566017100528,18.927736282348633,2619.862695286028
2016-10-21,19.341510772705078,19.00471793588063,19.00471793588063,19.341510772705078,1265.7646422935625
2016-10-24,19.341512810420344,18.95660745722946,19.341512810420344,18.966228485107422,3037.626978350054
2016-10-25,19.716793060302734,19.004717778956255,19.293396302208805,19.716793060302734,13104.509253790022
2016-10-26,20.217172245785886,19.81542735925678,20.207549382977753,20.043964385986328,189280.64593631437
2016-10-27,20.40962121995006,20.20754663458335,20.31339627570296,20.380754470825195,25428.569300965755
2016-10-28,20.775285240056334,20.207549187482897,20.409623798378494,20.544342041015625,65959.01302200546
2016-10-31,21.12651060596904,20.40000193674283,20.630945126338712,20.756038665771484,150686.26562674885
2016-11-01,21.78565716316456,18.04245065466314,21.400751916273013,18.206035614013672,18605893.34150337
2016-11-02,18.34139765757707,17.04580058064273,18.2350439397794,17.345529556274414,16931126.295670588
2016-11-03,17.44705188854428,16.842762202523968,17.142489370429228,16.910442352294922,8743684.109184677
2016-11-04,17.21017123441493,16.92978175112918,17.016799622115162,17.094148635864258,9778527.249645261
2016-11-07,17.403541068603612,16.707400089751875,17.306854360504477,16.765411376953125,9574058.82763657
2016-11-08,17.05698211010318,16.73625259217231,16.872320952404916,16.920915603637695,6725151.9449802525
2016-11-09,17.19790999741073,16.279457328325847,16.47383964987244,17.037546157836914,7711963.241032127
2016-11-10,18.00945230309618,17.056981244852494,17.056981244852494,17.931699752807617,12788265.440184016
2016-11-11,18.407935584657075,17.795632588187946,17.912262348294924,18.330183029174805,5513123.376322579
2016-11-14,18.58287837626553,18.301024218017158,18.407934671665444,18.553720474243164,5446461.978232418
2016-11-15,19.399277858419364,18.621752397592367,18.621752397592367,19.350683212280273,4997135.772836786
2016-11-16,19.243779473578865,18.90361312450807,19.195184810502344,19.059118270874023,4271106.533193855
2016-11-17,19.06883351242551,18.81613723996531,19.000798403335814,18.95220375061035,4330585.301846853
2016-11-18,19.350683212280273,18.82585398966378,18.913323981960758,19.350683212280273,4998584.469995311
2016-11-21,19.622823169093646,19.26321639105291,19.331249654900976,19.61310386657715,3716027.6240816927
2016-11-22,19.710286832950295,19.243769775197848,19.506185272602355,19.331241607666016,4946967.171395199
2016-11-23,19.82691880704393,19.156301904034255,19.25349305507098,19.710290908813477,3773650.1233023177
2016-11-25,20.06990362448672,19.6714214174347,19.7491739979871,19.953275680541992,2649582.5870722304
2016-11-28,19.856075339366598,19.360402171647337,19.826917439935972,19.583940505981445,4685741.076200581
2016-11-29,19.477034552523634,18.96192271544495,19.477034552523634,19.117427825927734,6051071.503029321
2016-11-30,19.292371431566682,18.709226343609835,19.039675164993145,18.738384246826172,6595781.607086502
2016-12-01,19.26321397709454,18.71894608074721,18.796698637368255,18.95220375061035,8057934.423329626
2016-12-02,19.166027394981892,18.80642242989373,18.845297790604622,19.136871337890625,3198062.6012149425
2016-12-05,19.71029553912098,19.05911708409837,19.088273138621766,19.69085693359375,4685572.969905112
2016-12-06,19.768606999062232,19.146586531083525,19.331247698910193,19.749168395996094,4533229.91126969
2016-12-07,20.312876562412498,19.80748396414726,19.8366418711205,20.293437957763672,4628857.936242376
2016-12-08,20.61416724712526,20.303156991921398,20.41978676450652,20.322595596313477,3931020.323580913
2016-12-09,21.20703206480515,20.51697828107547,20.536415032030238,21.187593460083008,6511357.102999792
2016-12-12,21.576359676591302,20.905742596040536,21.119561701914797,20.97377586364746,5119486.301295554
2016-12-13,21.14871958144616,20.32259736073195,20.96405653122357,20.5947322845459,4671886.356938241
2016-12-14,20.784251217674417,20.118494807492525,20.322594582121777,20.167089462280273,6061237.739765484
2016-12-15,20.419784981492974,19.856078479715833,20.128211502373443,19.982425689697266,4746055.721625142
2016-12-16,20.278860847536585,19.5645078514342,19.914395335854543,19.69085693359375,16638120.564587919
2016-12-19,19.632539536805666,19.29237141464855,19.486751874618953,19.457595825195312,4637914.950755309
2016-12-20,19.795821797518112,19.438159630653804,19.438159630653804,19.535350799560547,3521449.627980942
2016-12-21,19.632539536805666,19.370123969390136,19.457595825195312,19.457595825195312,2996999.1152692614
2016-12-22,19.56450712164979,19.25349685988504,19.36040733252944,19.506193161010742,3583214.6852167663
2016-12-23,19.525629455203884,19.117428071501227,19.438157597712802,19.22433853149414,2225056.5560333324
2016-12-27,19.564504806440382,19.07855086649756,19.243775280228807,19.22433853149414,2494834.1814918807
2016-12-28,19.302091005692173,18.689788005857157,19.1368665926632,18.709226608276367,3337117.725773913
2016-12-29,18.757824038643058,18.1503815263325,18.718948681814247,18.174680709838867,4783988.716802709
2016-12-30,18.544003913380557,17.951139461034863,18.25243226514643,18.019174575805664,5199370.905271033
2017-01-03,18.66053429037674,18.116362777869604,18.213553939240406,18.65091323852539,4409340.610132587
2017-01-04,19.175743423938428,18.475970366734764,18.66063339643736,19.146587371826172,4562829.2231294345
2017-01-05,19.632541968467287,19.0493968087942,19.146587977700943,19.535350799560547,5565484.698942215
2017-01-06,20.123354655450033,19.44787890582859,19.583945429848058,20.050460815429688,5695365.3153275205
2017-01-09,20.050459289417788,19.720012306772833,20.01158393712841,19.817201614379883,5023069.540658875
2017-01-10,20.33717425170542,19.613103826496495,19.613103826496495,20.12821388244629,4436306.70828726
2017-01-11,20.50725555419922,20.069896289822694,20.14764884195996,20.50725555419922,4320722.47638124
2017-01-12,20.43436202258038,19.92411077590216,20.342031444877477,20.410064697265625,5709104.0488279695
2017-01-13,20.62923131703549,20.30315551827645,20.35175202572941,20.536413192749023,4749550.83882086
2017-01-17,20.316565511126438,19.99700388201063,20.11849235795537,20.157367706298828,3132326.9309354057
2017-01-18,20.3711905225916,20.050460960955466,20.14765213043222,20.293437957763672,2651857.0007209852
2017-01-19,20.750232412116834,20.2059645497588,20.2059645497588,20.711355209350586,3791178.452519658
2017-01-20,21.03218772345821,20.548080053986297,20.701640590601723,20.691923141479492,5785957.875437651
2017-01-23,20.769674022363155,20.497539124876944,20.662763553035123,20.730796813964844,4303656.469238124
2017-01-24,21.770737632071004,20.818268289351582,20.87658224709002,21.547199249267578,8548285.904495094
2017-01-25,22.08174737517371,21.60551271466629,21.731861782948876,22.05259132385254,3912792.461610795
2017-01-26,22.237250239475046,21.683263075351135,21.91652073109978,22.21781349182129,3368689.8211597973
2017-01-27,22.23724756560706,21.877642751397094,22.2080915207487,21.96511459350586,2780110.6782656997
2017-01-30,22.023432665554964,21.537478719971197,21.9845573138672,21.86792755126953,3898546.389461157
2017-01-31,22.1497802734375,21.50831940196937,21.673543806757042,22.1497802734375,5822218.7754751975
2017-02-01,24.849070895648794,22.500590226360703,22.675995730068603,24.634687423706055,16814297.373716395
2017-02-02,24.84907154509918,24.18642933984419,24.371579805114965,24.556730270385742,8298520.05237876
2017-02-03,25.258354816011522,24.52749964408834,24.52749964408834,25.23886489868164,6120002.870377362
2017-02-06,25.638396950780237,24.57622070008762,24.57622070008762,25.531206130981445,10517172.735263178
2017-02-07,26.037928947713645,25.40452160047343,25.531204185117794,25.94048309326172,7709501.248142172
2017-02-08,26.710319208548796,25.65788787443769,25.804058531657976,26.603126525878906,7866663.170129126
2017-02-09,27.421684294033412,26.456955731006005,26.515423621857767,27.246278762817383,9306494.021605056
2017-02-10,29.08803340466557,27.402194750342957,27.50938556798212,28.86390495300293,11842244.426083885
2017-02-13,29.107524244909044,28.3084544141255,28.717733358220215,28.893138885498047,10426926.9572226
2017-02-14,29.390120964066725,28.586179573453013,28.69824566291952,28.76645851135254,12194559.274694601
2017-02-15,28.7664569304503,28.33768808844255,28.591051410598922,28.46436882019043,5206706.203851409
2017-02-16,28.737222671508786,28.31332722858591,28.396156582140446,28.73722267150879,5179096.310946459
2017-02-17,29.312162106532977,28.503349195170298,28.61054187238508,29.146501541137695,4773821.054090588
2017-02-21,29.604504648074755,28.893139426276555,28.91262934270792,29.516803741455078,3984175.9983431664
2017-02-22,29.77503789806469,29.117267174605853,29.117267174605853,29.770164489746094,4635324.643615318
2017-02-23,29.906590914431472,28.766456895445504,29.79939823939482,28.8151798248291,7132130.639765155
2017-02-24,28.780880519834753,28.006369145305644,28.249987528815954,28.571563720703125,4628067.199831398
2017-02-27,28.883391751346387,28.362048617138658,28.552070637819533,28.493602752685547,3147805.695068243
2017-02-28,28.63002949041526,27.90891935170889,28.3571781106489,28.055091857910156,4251774.073219377
2017-03-01,29.12701203440722,28.552072526356206,28.552072526356206,28.785947799682617,3713280.0794562623
2017-03-02,28.707985689572233,27.791982024860577,28.493602209064072,27.811471939086914,3077171.7085942253
2017-03-03,28.05022179090889,27.041641786484238,27.830964864151174,27.372962951660156,3740066.51661771
2017-03-06,27.314488420703565,26.85648476083464,27.294998507802674,26.99291229248047,3642675.330575195
2017-03-07,26.934446447318216,25.969717923191478,26.895468474542326,26.29129409790039,6425914.214965529
2017-03-08,26.495934860890486,25.964846731540245,26.28154950235528,26.164613723754883,4199531.35640376
2017-03-09,26.31078636982302,25.599421110347144,26.057423018778017,25.813804626464844,4136126.54788668
2017-03-10,26.23282337331738,25.755331641806276,25.91124723337478,26.14512062072754,4068329.7205065405
2017-03-13,26.340016985489434,25.89175824963594,26.106143589737382,26.115886688232422,3258351.600057872
2017-03-14,26.076910984797994,25.77482472136106,25.9015054580731,25.989208221435547,1958737.7257472023
2017-03-15,26.729804680803046,26.096397365724297,26.14512029047634,26.564144134521484,2332735.8994322787
2017-03-16,26.846744273901525,26.28642312467017,26.681083703985145,26.622615814208984,2739576.797947946
2017-03-17,27.100105653003663,26.593380880393937,26.64210380858276,26.798019409179688,6151264.669340948
2017-03-20,27.460659369469827,26.700569485439882,26.83699701867218,27.158573150634766,3885907.1830682447
2017-03-21,27.27551225693891,25.989207571346007,27.217044369046683,26.06716537475586,6576078.451015906
2017-03-22,26.37899500420284,25.746561595323723,26.008695924909535,25.823545455932617,3578627.1353676333
2017-03-23,26.154866555651264,25.774528850958934,25.823545446512597,25.998950958251953,4102691.716729692
2017-03-24,26.203589482840847,25.69686472062336,25.998950958251953,25.998950958251953,3007990.7370151635
2017-03-27,25.979462948455033,25.346055555252956,25.443503275436505,25.882015228271484,2896217.3366954736
2017-03-28,26.427721674526207,25.774824366625232,25.774824366625232,26.349763870239258,2612670.3749579894
2017-03-29,26.315655727605385,25.45324832628202,26.076910763877436,25.531206130981445,3310365.073531652
2017-03-30,25.90150514404033,25.3655454710218,25.443503275436505,25.882015228271484,2618568.9406132665
2017-03-31,25.872271606801945,25.531207356533073,25.79431379836038,25.667633056640625,2580228.102743863
2017-04-03,26.0184435149919,25.20475716593306,25.804058152799747,25.511716842651367,2406839.1505939187
2017-04-04,25.803960795865315,25.414268423808803,25.482481270398207,25.70660972595215,5427233.351611596
2017-04-05,26.164611896597336,25.190138469228057,25.872268753190216,25.229116439819336,3832473.9239756977
2017-04-06,25.5701834496772,25.12192654879125,25.170649478483853,25.492225646972656,1627885.273441131
2017-04-07,25.818676781664557,25.33631157049253,25.33631157049253,25.7358455657959,1859986.9151784314
2017-04-10,26.154867544829884,25.735843663974034,25.735843663974034,25.852781295776367,2683517.9554520063
2017-04-11,26.15486367248318,25.394773824954267,25.8625224242507,25.911245346069336,3299580.3798212064
2017-04-12,25.82354715928648,25.04884067016146,25.82354715928648,25.190139770507812,5579261.1336970525
2017-04-13,25.32656766800529,25.0244813840354,25.160907088022935,25.23886489868164,4763601.782879552
2017-04-17,27.714024054776903,25.823545135735827,26.55440018674722,26.008695602416992,12964287.155008413
2017-04-18,25.638398277353883,23.9720494186862,25.638398277353883,25.141416549682617,9487802.012857111
2017-04-19,25.80405719624605,25.160904850832623,25.160904850832623,25.30707550048828,5242584.971524388
2017-04-20,25.648137113529263,25.39477383095971,25.52145640157465,25.443498611450195,2368061.7889294685
2017-04-21,25.540949885923716,25.307076465821478,25.482481995563337,25.33631134033203,3055748.5247173873
2017-04-24,25.872269725583465,25.30707519081322,25.687121105660207,25.433757781982422,4697311.080424599
2017-04-25,26.31078401361867,25.560438986410983,25.628651832764287,26.29129409790039,5103278.941839974
2017-04-26,27.275511168340348,26.330272607388906,26.359505620837975,26.798019409179688,5858358.787747653
2017-04-27,26.798022635786303,26.21333813381881,26.759042801613436,26.525169372558594,3736905.9411969427
2017-04-28,26.78827414986491,26.48618790944591,26.63235855102539,26.63235855102539,4476806.551276134
2017-05-01,26.82559477956498,26.19384352350247,26.72980499538484,26.554399490356445,3311129.970456725
2017-05-02,26.695701779585747,26.301039345909754,26.301039345909754,26.456954956054688,3379668.122888266
2017-05-03,26.349522915923785,25.910039766972368,26.349522915923785,26.154197692871094,2635174.53972344
2017-05-04,26.14443446502245,25.63658546773783,26.05653745153944,25.997940063476562,3016084.3805547124
2017-05-05,26.66204833984375,25.919809784781425,26.007704936141458,26.66204833984375,2427977.376897473
2017-05-08,26.647396855736126,26.36417462000498,26.574148730183353,26.447187423706055,1907843.996016643
2017-05-09,26.749943334439006,26.378824084926258,26.46672109242772,26.622982025146484,2160610.6667027986
2017-05-10,26.710881020147866,26.48625614549794,26.525320450195697,26.64251708984375,2044794.0886188294
2017-05-11,26.622982792567246,26.25186166957949,26.5155526996849,26.57415008544922,1936931.6268861282
2017-05-12,27.121063966731985,26.417887919165327,26.49601838414193,27.05270004272461,2920406.815262568
2017-05-15,27.638682735003307,27.12106900688199,27.12106900688199,27.443357467651367,3040111.554533871
2017-05-16,27.531253290573353,26.764597411796274,27.443356272121935,26.769479751586914,2485472.820803144
2017-05-17,26.466725503294878,26.139552840229968,26.378828481144758,26.212800979614258,3460474.6355123175
2017-05-18,26.417887283605353,25.929571423555146,26.066301131057685,26.290925979614258,1975087.3950742371
2017-05-19,27.13571435740156,26.378825086535095,26.456955555861104,26.935504913330078,2059515.1665076
2017-05-22,27.980501774437112,26.90620638053113,27.150364339928974,26.984336853027344,2757111.632404773
2017-05-23,27.374989957761326,26.774361625761095,27.023401914531014,27.21872901916504,2029396.3444966325
2017-05-24,27.528415389328128,27.16989411784609,27.296857284440048,27.423818588256836,2039281.503707093
2017-05-25,27.560548415905618,26.447188772496972,27.453120185800582,26.57415008544922,3069751.6030776366
2017-05-26,26.915971322283823,26.46672159783288,26.57414982689268,26.77924346923828,2243679.8043304873
2017-05-30,26.81830903236947,26.33487732193344,26.808544353359192,26.58391761779785,4214600.520680167
2017-05-31,26.867141575845583,26.095700271569065,26.554619691674766,26.828075408935547,8290535.736167176
2017-06-01,27.40428417595558,26.6522792047417,26.81830480060188,27.316387176513672,5781050.487855313
2017-06-02,27.648447531958126,27.24802861697645,27.39452302393457,27.501953125,2481823.592670864
2017-06-05,27.601178310622124,26.81830886720804,27.47265226073219,26.828075408935547,2637678.753415309
2017-06-06,26.974571672070812,26.40812529131687,26.662047925122632,26.828075408935547,1869034.946126795
2017-06-07,26.98433352881321,26.19814656113596,26.98433352881321,26.271392822265625,2924672.57561151
2017-06-08,26.925738933982736,26.11513459925979,26.18349852850021,26.808544158935547,1658704.9178162012
2017-06-09,27.038050113089817,26.544851887362096,26.857373756668053,26.720645904541016,2030560.6011257938
2017-06-12,26.828074291189196,26.124900081101433,26.456955034892754,26.19326400756836,2142193.245764197
2017-06-13,27.02340217698026,26.19326476838942,26.222564393202273,27.013635635375977,2296783.6841804925
2017-06-14,27.003866610225323,26.18349581868829,27.003866610225323,26.271392822265625,2138493.93077011
2017-06-15,26.29092719593633,25.82214439566691,25.988171870276155,26.076068878173828,2950770.2927972833
2017-06-16,26.193267594155685,25.470560202467958,26.12490365832783,25.812381744384766,3317016.3279196033
2017-06-19,26.05653837075788,25.744016473027596,25.9393417277203,25.988174438476562,2527959.711922713
2017-06-20,25.949109543571268,25.626821087870358,25.851445980042424,25.792848587036133,1438525.595977662
2017-06-21,25.86609421948773,24.66971987341277,25.802612629927406,24.728317260742188,3249952.4906596034
2017-06-22,24.957826258658304,24.47439269200031,24.728317186703997,24.708784103393555,2896834.7791628544
2017-06-23,25.050606412975196,24.523226186134593,24.611123201070928,24.943178176879883,5248515.122832971
2017-06-26,24.0837430238256,22.12071263900178,22.140245724489194,23.448932647705078,20695138.63367877
2017-06-27,23.351269124237795,21.24662666008391,23.116877686308015,21.329641342163086,21635075.106110908
2017-06-28,22.901037545803774,21.515198330951886,21.534729550429873,22.56019401550293,11122002.633095225
2017-06-29,22.745753634881066,22.26720245321695,22.511360383023174,22.28673553466797,6171484.994142409
2017-06-30,22.40393063160675,21.612857651822985,22.286734013676067,22.12070655822754,7841047.317915027
2017-07-03,22.64809210404067,22.159776201012146,22.20860704620406,22.306270599365234,3464265.6311383327
2017-07-05,22.50159721801932,22.14024263798768,22.355100960063847,22.4527645111084,5777938.100417654
2017-07-06,22.706687811717728,22.218371944799067,22.413699036677414,22.3843994140625,4550222.817908375
2017-07-07,22.775053362114907,22.25743969837969,22.394167554796187,22.589492797851562,3202167.8880861066
2017-07-10,23.585654156581203,22.706686037367547,22.931310871530926,23.27313232421875,5537035.338097976
2017-07-11,23.644255066807684,23.146174486304535,23.36103281245839,23.458696365356445,4436873.73767653
2017-07-12,23.87864599459466,23.517291443180934,23.654019286148593,23.62472152709961,2856772.9047138747
2017-07-13,23.968397268030376,23.5953240019786,23.888409620638935,23.878644943237305,4564106.573460773
2017-07-14,23.986074847708235,23.53682514453382,23.702852613702017,23.82004737854004,2686810.094932124
2017-07-17,24.64042198286338,23.75168711756785,23.829817593766002,24.366966247558594,4399703.789100505
2017-07-18,24.454862050570622,24.104641272374863,24.327898868823553,24.298599243164062,2872906.553448403
2017-07-19,24.6111218780699,24.240000754338237,24.415794774760887,24.532991409301758,2292378.7866147044
2017-07-20,24.72343796108202,24.161873853232887,24.474395774451416,24.171640396118164,6229275.104315262
2017-07-21,24.620885848999027,24.093505665668136,24.200935755677705,24.620885848999023,3889116.803508713
2017-07-24,25.392425726882074,24.220466871299696,25.16780086944158,24.58182144165039,5823347.386754639
2017-07-25,25.49008690598976,24.81621053352828,24.904107532665737,25.314292907714844,4768814.234528307
2017-07-26,25.343594323331185,24.972473220070988,25.343594323331185,24.992006301879883,3077183.431359163
2017-07-27,25.19709946244231,24.454860940533614,25.109202452230985,24.532991409301758,3426122.3430036483
2017-07-28,24.791800595462448,24.29860045095491,24.4548632661287,24.366966247558594,1959303.225311515
2017-07-31,24.562287137735325,24.02514044226329,24.474390134799588,24.21070098876953,2513485.8662546934
2017-08-01,24.572053725748916,23.89817732286797,24.357195419701252,24.513456344604492,3320553.6539936517
2017-08-02,24.630933875751282,24.27850337962346,24.44492868421262,24.356821060180664,5141632.554851065
2017-08-03,24.82672738770829,24.132440625449465,24.31766156374642,24.7973575592041,5000997.594618611
2017-08-04,24.9442049650438,24.542826612876578,24.88546717057174,24.601564407348633,2311703.6075050947
2017-08-07,25.032311067548918,24.542825119830745,24.601562910729527,24.807147979736328,2939703.390276863
2017-08-08,25.01762771426599,24.444928170102916,24.68967115010201,24.464508056640625,3653688.0445081913
2017-08-09,24.503667009530044,23.965231351210086,24.435137408941888,24.131656646728516,2627506.5030547096
2017-08-10,24.131657416609784,23.46595621329794,24.05333973782255,23.51490592956543,2814853.97899126
2017-08-11,23.735175465234146,23.39302413047374,23.426798781847882,23.485536575317383,2350370.7410018607
2017-08-14,24.131656201588918,23.563852592160025,23.66175015252514,24.043548583984375,1901246.6635821732
2017-08-15,24.25892686960552,23.896706407461107,24.07292166649131,24.229557037353516,3152957.383093135
2017-08-16,24.66030761440189,24.25892920452967,24.38619475538919,24.31766700744629,3600821.734711452
2017-08-17,24.44492900059897,23.74985981006271,24.141448217917,23.769439697265625,1692612.3312201411
2017-08-18,24.014181241028407,23.514905350832368,23.691120590576936,23.77922821044922,2663534.075905314
2017-08-21,24.224659757179367,23.789015706323436,23.808595591871253,23.96523094177246,2751814.511908498
2017-08-22,25.198737660573858,24.327453226337536,24.474298644757923,25.149789810180664,3620490.8784578755
2017-08-23,25.365166870063582,24.91484060196479,24.96378845989167,25.032316207885742,2060518.3817610035
2017-08-24,25.374957840058798,24.890365811147927,25.159584642343503,24.934419631958008,2329430.9573460715
2017-08-25,25.110626357140298,24.719038009643555,25.051888571825916,24.719038009643555,1881032.727967009
2017-08-28,24.905045130308757,24.54772061846055,24.81693751179926,24.640722274780273,1663905.8123811474
2017-08-29,24.885462310278246,24.00438809631368,24.425346253502642,24.81693458557129,1719542.9554370032
2017-08-30,24.9637842548368,24.601563818572835,24.816938838550623,24.865886688232422,1476941.2210753395
2017-08-31,25.159584642343503,24.807154075862872,24.944209577387042,24.934419631958008,3278372.1639739163
2017-09-01,25.23965735693156,24.963783741509175,25.01273159018447,24.973573684692383,2987890.62877416
2017-09-05,24.944206332545388,23.691123356493453,24.944206332545388,23.877126693725586,5312790.308594862
2017-09-06,24.27850462525996,23.808598517807653,23.98481377491249,23.82817840576172,4683159.521442222
2017-09-07,23.935862120390084,23.603011547003153,23.877122465857855,23.74985694885254,2535532.597009741
2017-09-08,23.979919694050835,23.505117681830935,23.72049084722137,23.906496047973633,4266618.500427122
2017-09-11,24.650514685802495,24.02886725618264,24.053341182165607,24.45471954345703,3158263.0267917896
2017-09-12,24.6798835226418,24.444930463865006,24.51346007317738,24.630935668945312,1982958.630571523
2017-09-13,24.885463290734737,24.454715174868056,24.63093039805172,24.719038009643555,2330085.498372942
2017-09-14,24.905048414124234,24.35682274505958,24.601565747136007,24.826730728149414,2426702.683881212
2017-09-15,24.963783333626886,24.621142796776024,24.83651780880607,24.807147979736328,11178577.292172667
2017-09-18,24.95399339060364,24.679880587674806,24.846305884588613,24.807147979736328,1941290.6630510783
2017-09-19,25.414109268620415,24.63103147033957,24.816937687782197,25.39453125,4344087.976469666
2017-09-20,25.649066925048828,25.228108669931295,25.40432392716569,25.649066925048828,3110826.4856817233
2017-09-21,26.275609536923174,25.414113101512694,25.639278088392846,26.226661682128906,3895684.3181161406
2017-09-22,26.187503165573006,25.551171686399815,26.040657726877814,25.658857345581055,3828629.102823678
2017-09-25,25.932966383459984,25.316214884821576,25.658853568931367,25.580535888671875,4629866.1170196505
2017-09-26,25.79591182978107,25.53158894926338,25.717594146728516,25.717594146728516,3461220.645416677
2017-09-27,26.00149832643678,25.531592168865046,25.893812665685605,25.82528305053711,2990525.485118339
2017-09-28,25.825279434775766,25.463060855910012,25.825279434775766,25.472850799560547,1988768.915967446
2017-09-29,25.492430229121346,24.03376039447709,25.492430229121346,24.356821060180664,8602346.656599313
2017-10-02,25.37495422363281,24.40577217117958,24.42535205924714,25.374954223632812,5796392.563181273
2017-10-03,26.001494120281944,25.198737430811942,25.296634997946505,25.580535888671875,6199556.669051672
2017-10-04,26.309876282401593,25.60012110691648,25.60012110691648,26.20708465576172,3971634.981419295
2017-10-05,26.530139557328848,26.08960144391054,26.08960144391054,26.285396575927734,3734023.3201712663
2017-10-06,26.57908777315446,25.98191616002635,26.11897163398349,26.530139923095703,2872486.8279485707
2017-10-09,27.068574068998792,26.539930186476802,26.59866798070351,26.814041137695312,3829281.315511713
2017-10-10,27.264369206075564,26.706355492819817,27.05878412542087,26.814041137695312,2604892.8139869175
2017-10-11,27.2586929089348,26.549722060669406,26.706357434824547,26.774885177612305,7058969.862331795
2017-10-12,27.10283833832208,26.51056074741363,26.69656594366055,26.980466842651367,3699976.2282742225
2017-10-13,27.09794061784753,26.466503337852405,27.08815067545529,26.58887481689453,9231883.596103879
2017-10-16,26.86299193765261,26.432243739077236,26.667196792689015,26.598669052124023,3490373.610001403
2017-10-17,26.657404601930125,26.20707842060629,26.432241511268206,26.275606155395508,2238543.294740086
2017-10-18,26.383296014827422,26.109183183992847,26.25602860980959,26.324556350708008,2476685.7603047285
2017-10-19,26.128760814145597,25.776330328847575,26.089601041449935,26.11897087097168,2940057.798514269
2017-10-20,26.735724533254007,26.26581842603045,26.373505942484513,26.598669052124023,4327948.135211683
2017-10-23,26.97067598117132,23.740069352291833,26.843410451590334,23.837966918945312,12951848.347078083
2017-10-24,24.688692030855634,23.421901789077783,24.004391260346086,23.81838607788086,8123113.705548838
2017-10-25,24.444927286430676,23.612802678307258,23.808595934884252,24.327451705932617,4277287.290718142
2017-10-26,24.55261586596677,23.779229014239842,24.464508243116256,24.072919845581055,5155457.330735893
2017-10-27,24.15123848179238,23.828177807623323,23.994603116573494,24.092500686645508,2990186.747887904
2017-10-30,24.30787424381618,23.80859830881542,23.955443732700143,24.258926391601562,2986913.878138852
2017-10-31,24.62114576688544,24.11697577743348,24.239347279125,24.591777801513672,3063127.401549068
2017-11-01,25.09105188524305,24.474300338303806,24.71904334168684,24.591777801513672,4289381.04660342
2017-11-02,24.84691300208401,24.32711074228461,24.552519043404036,24.768407821655273,3394564.0835279115
2017-11-03,25.066928235610828,24.550165571300944,24.689905670596872,24.86654281616211,2766710.744750687
2017-11-06,25.28851063494376,24.75859916219955,24.87635789115765,25.131500244140625,4409087.935235681
2017-11-07,25.141312043607424,24.434763457794922,25.102058512523893,24.611400604248047,3861191.204799456
2017-11-08,24.621218312005812,24.081495266778663,24.503459569780986,24.3170108795166,4245355.264760297
2017-11-09,24.140372523402277,23.679152833228056,24.140372523402277,23.993175506591797,3034614.924229852
2017-11-10,24.106022491164655,23.747842458575374,23.934291107839076,23.787094116210938,2432160.0297657307
2017-11-13,23.836164628781642,23.24737470161034,23.679152359385924,23.34550666809082,2888970.756745164
2017-11-14,23.345507555972446,22.697837301253568,23.188495280605203,22.766530990600586,4575612.941150293
2017-11-15,23.232653277470224,22.315123431350735,22.668397755722538,22.923540115356445,4330432.211349518
2017-11-16,23.463265906353097,22.992234665604773,22.992234665604773,23.28662872314453,2258783.055747856
2017-11-17,23.620271512496952,23.159053750433273,23.20811879279976,23.404382705688477,1947576.8749064943
2017-11-20,23.4632607985563,23.168866805104166,23.3651288435018,23.443634033203125,2049716.2945928213
2017-11-21,23.796909528765173,23.188492873961227,23.669339290926896,23.296438217163086,3338317.603971756
2017-11-22,23.541767106166624,23.26699799330856,23.345505058449252,23.306251525878906,1705659.7971518238
2017-11-24,23.70859089046298,23.394570116556682,23.404383499705187,23.541767120361328,1982458.5442595629
2017-11-27,23.551579682092413,22.609517393230185,23.473074491353895,23.168867111206055,4662407.255997883
2017-11-28,23.865603205954333,23.13942963968732,23.266999887503694,23.777284622192383,3552491.9963040696
2017-11-29,24.007893822696126,23.581021927084485,23.796910752882102,23.62027359008789,3298358.842249883
2017-11-30,24.16980952663024,23.551581340008095,23.757656778311638,24.150184631347656,3376248.1954841283
2017-12-01,24.317009275413547,23.561395564571207,24.169810389414753,24.042240142822266,2701638.6207834985
2017-12-04,24.797848080666178,24.23849843356578,24.405322176710737,24.26793670654297,4152688.087710286
2017-12-05,24.26794258899806,23.679152654488927,24.26794258899806,23.777284622192383,2426289.96274197
2017-12-06,23.899942208599526,23.561388983136325,23.72821271851915,23.67914581298828,5169894.110587843
2017-12-07,24.272849267937925,23.492703056346308,23.63990006629139,24.130558013916016,2184165.1708450047
2017-12-08,24.258129200026776,23.885229968884886,24.238504303859436,24.012800216674805,1631376.7518687414
2017-12-11,24.10111530374448,23.688962596641257,23.993171839494316,23.97354507446289,2435015.3353584143
2017-12-12,24.20906272558479,23.895041944870982,23.983360523410678,24.189435958862305,2161408.0162848323
2017-12-13,25.062806065866646,24.150182085667538,24.189433743806696,24.709531784057617,4024650.4310308266
2017-12-14,24.866545587185698,24.385701010514456,24.748786853115877,24.52308464050293,3127640.0743174287
2017-12-15,24.925425367748236,24.611307226503286,24.699723142916486,24.827293395996094,6792162.948459251
2017-12-18,25.239443717998093,24.98430136501512,24.994114748404254,25.131500244140625,2927513.0091201193
2017-12-19,25.190380397816906,24.680095656906342,25.190380397816906,25.151126861572266,2629482.3921200377
2017-12-20,25.73500705152259,25.219816634424642,25.26888167540108,25.641780853271484,3266912.671895667
2017-12-21,26.3188916747018,25.59271814610472,25.798795454762967,26.299264907836914,3650682.7853648453
2017-12-22,26.45136740204342,25.926363597035465,26.201132695764752,26.328702926635742,2800480.732977524
2017-12-26,26.731042282706255,26.210944232646586,26.299262804764478,26.564218521118164,2025975.727104053
2017-12-27,26.853708471425342,26.45627487153969,26.56422021583958,26.82917594909668,1909420.8738690543
2017-12-28,27.13338305624027,26.691792043868876,26.78992213214377,27.103944778442383,2471200.2604299015
2017-12-29,27.1530088910888,26.721229404988037,27.103943848634543,26.740856170654297,2741636.216960594
2018-01-02,27.251138760499476,26.789919161224883,26.79973254330639,27.24132537841797,3053346.4965583277
2018-01-03,27.47684493718906,26.495529046575165,27.09413233879733,27.457218170166016,5703522.233292927
2018-01-04,28.899756498117874,27.48764173300144,27.673111517242102,28.772184371948242,6724835.9375428865
2018-01-05,29.07638758966177,28.556291391033163,28.70348839306557,29.0567626953125,3771156.889284259
2018-01-08,29.28246752564759,28.87031475983132,29.12545712645202,29.203962326049805,4265622.179869857
2018-01-09,29.429664126817684,28.899754504917023,29.243213578504687,29.253026962280273,2439088.1249221247
2018-01-10,29.370783966193002,28.880126036578584,29.017509657922954,29.233400344848633,2112911.9442025465
2018-01-11,29.871256173736924,29.303073810040253,29.35115807895105,29.832002639770508,3172617.5394667746
2018-01-12,30.32265902007329,29.79274944083946,29.930133059212782,30.26378059387207,3506503.071415359
2018-01-16,30.587618201592438,29.527797051665846,30.34228921437136,29.84181785583496,5072280.752859554
2018-01-17,30.1165840580776,29.753496368849117,29.841814945371954,29.96938705444336,3287428.8024148787
2018-01-18,30.008638290012797,29.40022164611228,29.66517737192596,29.782936096191406,3370350.1641834727
2018-01-19,29.881070985253313,29.262840897717528,29.7338720975561,29.655366897583008,4628652.033043193
2018-01-22,29.8614444732666,29.478731854081584,29.65536715175124,29.8614444732666,3649484.1667987034
2018-01-23,29.86144549253344,29.54251705118546,29.86144549253344,29.73387336730957,2305540.7759032855
2018-01-24,30.096957741114736,29.68480500175904,29.77312357960037,29.910507202148438,2584503.1993794045
2018-01-25,30.224529983760412,29.586675001736197,30.077332968171994,29.90069580078125,2018343.8724001336
2018-01-26,30.28340735984295,29.76330929188314,29.989011485414004,30.26378059387207,2331613.239471361
2018-01-29,30.332471213087636,29.601391990611752,30.253966023995364,29.694616317749023,2509613.1145876893
2018-01-30,29.616115730274878,28.831061845662713,29.459105327694775,29.360973358154297,4515714.83277349
2018-01-31,29.939946839781662,29.213773334618747,29.43947553114679,29.498353958129883,3468043.4402434095
2018-02-01,29.88075239883549,29.223035998633137,29.25253502844743,29.606515884399414,2856180.6581463455
2018-02-02,29.26237020691284,28.34792084490697,29.26237020691284,28.623239517211914,7751455.488418234
2018-02-05,27.24664575511068,25.407916049484307,26.941829951722994,26.07654571533203,11111792.06343857
2018-02-06,25.95855158216329,24.582552849017468,25.752064000903474,24.857280731201172,10187853.360830268
2018-02-07,25.03427113435035,24.454138511756565,24.6802921295166,24.6802921295166,5643538.106676715
2018-02-08,24.76878646382606,23.785507943036116,24.709788402251107,24.041160583496094,7575733.4697147645
2018-02-09,24.48363293380624,22.93005306392252,24.23781332227113,24.24764633178711,8353187.2708484
2018-02-12,24.758953597213598,24.119822930082922,24.395139717210316,24.424638748168945,5022422.3014451945
2018-02-13,24.45413776497715,24.05590928681338,24.198485123181825,24.365642547607422,5514883.989654716
2018-02-14,25.270260401119256,24.139488527269684,24.139488527269684,25.053937911987305,4618207.969053127
2018-02-15,25.32925195522478,24.49346493531067,25.309585937002158,24.798280715942383,4591421.894294486
2018-02-16,25.437411977052065,24.650788164439444,24.758949384094155,24.93593978881836,5576298.866784349
2018-02-20,25.044102107601063,24.341057847251488,24.680290121749657,24.444303512573242,3388333.0932661146
2018-02-21,24.985105166392447,24.23781332227113,24.49346594332222,24.24764633178711,2705128.959594895
2018-02-22,24.57704554793816,24.026408268635578,24.414803704361116,24.129653930664062,2587983.102832307
2018-02-23,24.71961656241036,24.119818057721098,24.178814232265786,24.70978355407715,3741472.679443287
2018-02-26,24.867109811953945,24.57704263021524,24.798278753621467,24.70978355407715,2565500.4575096355
2018-02-27,24.916276663165597,24.29681017473916,24.719620218325968,24.326309204101562,2802156.3319547325
2018-02-28,24.606540646121857,23.982158660888672,24.404968656830405,23.982158660888672,5356441.472670822
2018-03-01,24.247644731829507,23.431523750402086,24.05098830539568,23.61834716796875,3520354.017714872
2018-03-02,23.697010576175437,23.00871492388734,23.441357958909993,23.51018714904785,2850777.4705227744
2018-03-05,24.02641006933588,23.23487056203809,23.303701633700673,23.923166275024414,3832047.512382771
2018-03-06,24.336140839248966,23.972326999482327,24.041158064106632,24.139484405517578,3504959.4680366893
2018-03-07,24.316472327835637,23.81500016114131,23.873998210485034,24.20831298828125,2003037.1524186486
2018-03-08,24.45413647322416,23.94774678381223,24.336142231145743,24.385305404663086,2314036.216797238
2018-03-09,24.768783569335938,24.355806563846624,24.52296396786503,24.768783569335938,2373889.21187826
2018-03-12,24.817949821232844,24.306644536572566,24.798283800563997,24.513134002685547,3215878.217626566
2018-03-13,24.79828638668301,24.42464133228368,24.63112894447551,24.53280258178711,3490245.687701705
2018-03-14,24.680289076016066,23.4904236716284,24.591793866892704,23.657678604125977,5225969.39051063
2018-03-15,23.913331313184596,23.45119112246711,23.726507884828685,23.83466911315918,3940482.014131381
2018-03-16,24.267311019985822,23.70684263649494,23.92316320761897,24.149316787719727,5421232.727367957
2018-03-19,24.13555004116805,23.402024103133677,24.06082067612335,23.6281795501709,3596109.872008661
2018-03-20,23.844500137686975,23.421690144451123,23.667509733499443,23.687175750732422,4847034.382462475
2018-03-21,24.1394861588222,23.549520565687022,23.68717895402458,23.75600814819336,2146788.5479649524
2018-03-22,23.579013708001693,22.276171056815013,23.5200175338176,22.300752639770508,4658714.524848536
2018-03-23,22.841560197037847,22.19259650604467,22.526911362066002,22.369586944580078,4329076.448300859
2018-03-26,22.998881013135385,22.428579620188508,22.713731254389295,22.98904800415039,3104427.008258108
2018-03-27,23.126713920327045,22.536746364873313,23.10704789753905,22.66457176208496,3589294.914164828
